{
  "base": 0.0,
  "effect": [
  {
    "effects": [
      "_additive_damage_number_add_stat_data"
    ],
    "events": [
      "on_damage"
    ],
    "ifs": [
	  "is_is_basic_atk_true"
    ],
    "order": "damage_layers",
    "side": "Source"
  }
  ],
  "ele": "Physical",
  "format": "aqua",
  "group": "WEAPON",
  "gui_group": "NONE",
  "has_softcap": false,
  "icon": "❁",
  "id": "basic_attack_dmg",
  "is_long": false,
  "is_perc": true,
  "max": 1.0E8,
  "min": 0.0,
  "minus_is_good": false,
  "multiUseType": "MULTIPLICATIVE_DAMAGE",
  "order": 100,
  "scaling": "NONE",
  "ser": "data",
  "show_in_gui": true,
  "softcap": 0.0
}