{
  "data": {
    "base": 0.0,
    "core_stat_data": {
      "stats": [
        {
          "type": "FLAT",
          "scale_to_lvl": false,
          "stat": "accuracy",
          "v1": 0.1
        },
        {
          "type": "FLAT",
          "scale_to_lvl": false,
          "stat": "projectile_damage",
          "v1": 0.1
        },
        {
          "type": "FLAT",
          "scale_to_lvl": false,
          "stat": "attack_speed",
          "v1": 0.15
        },
        {
          "type": "PERCENT",
          "scale_to_lvl": false,
          "stat": "dodge",
          "v1": 1.0
        },
        {
          "type": "PERCENT",
          "scale_to_lvl": false,
          "stat": "critical_hit",
          "v1": 1.0
        },
        {
          "type": "PERCENT",
          "scale_to_lvl": false,
          "stat": "energy_regen",
          "v1": 0.5
        },
        {
          "type": "FLAT",
          "scale_to_lvl": false,
          "stat": "move_speed",
          "v1": 0.05
        }
      ]
    },
    "ele": "Physical",
    "id": "dexterity",
    "max": 1.0E8,
    "min": 0.0,
    "perc": false,
    "scale": "CORE"
  },
  "ser": "core_stat"
}