{
  "data": {
    "base": 0.0,
    "core_stat_data": {
      "stats": [
        {
          "type": "FLAT",
          "scale_to_lvl": false,
          "stat": "int_dmg",
          "v1": 0.1
        },
        {
          "type": "FLAT",
          "scale_to_lvl": false,
          "stat": "increase_healing",
          "v1": 0.2
        },
        {
          "type": "PERCENT",
          "scale_to_lvl": false,
          "stat": "summon_damage",
          "v1": 0.2
        },
        {
          "type": "FLAT",
          "scale_to_lvl": false,
          "stat": "mana",
          "v1": 2.0
        },
        {
          "type": "PERCENT",
          "scale_to_lvl": false,
          "stat": "mana_regen",
          "v1": 0.5
        },
        {
          "type": "PERCENT",
          "scale_to_lvl": false,
          "stat": "magic_shield",
          "v1": 0.15
        },
        {
          "type": "PERCENT",
          "scale_to_lvl": false,
          "stat": "elemental_resist",
          "v1": 0.05
        }
      ]
    },
    "ele": "Physical",
    "id": "intelligence",
    "max": 1.0E8,
    "min": 0.0,
    "perc": false,
    "scale": "CORE"
  },
  "ser": "core_stat"
}