{
  "base": 0.0,
  "effect": [
    {
      "effects": [
        "proc_spell_cold_id"
      ],
      "events": [
        "on_damage"
      ],
      "ifs": [
        "random_roll",
        "is_cold_id_not_on_cd"
      ],
      "order": "after_damage_bonuses",
      "side": "Target"
    }
  ],
  "ele": "Physical",
  "format": "aqua",
  "group": "Misc",
  "gui_group": "NONE",
  "has_softcap": false,
  "icon": "★",
  "id": "proc_cold_id",
  "is_long": true,
  "is_perc": true,
  "max": 100.0,
  "min": -1000.0,
  "minus_is_good": false,
  "multiUseType": "MULTIPLY_STAT",
  "order": 100,
  "scaling": "NONE",
  "ser": "data",
  "show_in_gui": false,
  "softcap": 0.0
}
