{
  "data": {
    "base": 0.0,
    "core_stat_data": {
      "stats": [
        {
          "type": "PERCENT",
          "scale_to_lvl": false,
          "stat": "weapon_damage",
          "v1": 0.5
        },
        {
          "type": "PERCENT",
          "scale_to_lvl": false,
          "stat": "critical_damage",
          "v1": 0.5
        },
        {
          "type": "FLAT",
          "scale_to_lvl": false,
          "stat": "summon_health",
          "v1": 1.0
        },
        {
          "type": "FLAT",
          "scale_to_lvl": false,
          "stat": "health",
          "v1": 1.5
        },
        {
          "type": "PERCENT",
          "scale_to_lvl": false,
          "stat": "health_regen",
          "v1": 0.15
        },
        {
          "type": "PERCENT",
          "scale_to_lvl": false,
          "stat": "armor",
          "v1": 0.15
        },
        {
          "type": "PERCENT",
          "scale_to_lvl": false,
          "stat": "armor_penetration",
          "v1": 0.05
        }
      ]
    },
    "ele": "Physical",
    "id": "strength",
    "max": 1.0E8,
    "min": 0.0,
    "perc": false,
    "scale": "CORE"
  },
  "ser": "core_stat"
}