{
  "base": 0.0,
  "effect": [
    {
      "effects": [
        "weapon_attack_speed"
      ],
      "events": [
        "on_stat_calc"
      ],
      "ifs": [
        "weapon_is_equipped"
      ],
      "order": "data_modification",
      "side": "Source"
    }
  ],
  "ele": "Physical",
  "format": "aqua",
  "group": "WEAPON",
  "gui_group": "NONE",
  "has_softcap": false,
  "icon": "★",
  "id": "weapon_attack_speed",
  "is_long": false,
  "is_perc": true,
  "max": 1.0E8,
  "min": -100,
  "minus_is_good": false,
  "multiUseType": "MULTIPLICATIVE_DAMAGE",
  "order": 100,
  "scaling": "NONE",
  "ser": "data",
  "show_in_gui": true,
  "softcap": 0.0
}